"created_at","line_user_id","name","phone","hn","hospital","referral","consent","source"
"2025-09-17T17:11:11.059Z","U9B911C5ADB5A91609E1A373019B47F1C","สมชาย ใจดี","0812345678","HN123456","โรงพยาบาลจุฬาลงกรณ์","","1","LINE"
"2025-09-17T17:11:11.144Z","U9EA3AD6088917B28E90A699D1221A181","นางสาวสุดใจ รักเรียน","0867890123","","","","1","LINE"
"2025-09-17T17:11:11.161Z","UE643542081D0F2F8EEA64EED84FE12E0","คุณยาย สุขใจ","0834567890","","","","1","LINE"
"2025-09-17T17:11:11.190Z","U3E49AAECAE61E09ADB17753324ECED3C","Test User","0812345678","","","","1","LINE"
"2025-09-17T17:11:11.206Z","UC28B97DBE5B7B642B2CA85B876741E89","Rate Limit Test","0898765432","","","","1","LINE"
"2025-09-17T17:11:11.207Z","UC28B97DBE5B7B642B2CA85B876741E89","Rate Limit Test","0898765432","","","","1","LINE"
"2025-09-17T17:11:11.207Z","UC28B97DBE5B7B642B2CA85B876741E89","Rate Limit Test","0898765432","","","","1","LINE"
"2025-09-17T17:11:11.207Z","UC28B97DBE5B7B642B2CA85B876741E89","Rate Limit Test","0898765432","","","","1","LINE"
"2025-09-17T17:11:11.207Z","UC28B97DBE5B7B642B2CA85B876741E89","Rate Limit Test","0898765432","","","","1","LINE"
"2025-09-17T17:11:11.208Z","UC28B97DBE5B7B642B2CA85B876741E89","Rate Limit Test","0898765432","","","","1","LINE"
"2025-09-17T17:11:11.276Z","UEAD118F35E905EE4636ADABEFF6E3A96","Idempotency Test","0845678901","","","","1","LINE"
"2025-09-17T17:11:11.302Z","UEAD118F35E905EE4636ADABEFF6E3A96","Idempotency Test","0845678901","","","","1","LINE"
"2025-09-17T17:12:32.417Z","U9B911C5ADB5A91609E1A373019B47F1C","สมชาย ใจดี","0812345678","HN123456","โรงพยาบาลจุฬาลงกรณ์","","1","LINE"
"2025-09-17T17:12:32.434Z","U9EA3AD6088917B28E90A699D1221A181","นางสาวสุดใจ รักเรียน","0867890123","","","","1","LINE"
"2025-09-17T17:12:32.437Z","UE643542081D0F2F8EEA64EED84FE12E0","คุณยาย สุขใจ","0834567890","","","","1","LINE"
"2025-09-17T17:12:32.447Z","U3E49AAECAE61E09ADB17753324ECED3C","Test User","0812345678","","","","1","LINE"
"2025-09-17T17:12:32.455Z","UC28B97DBE5B7B642B2CA85B876741E89","Rate Limit Test","0898765432","","","","1","LINE"
"2025-09-17T17:12:32.456Z","UC28B97DBE5B7B642B2CA85B876741E89","Rate Limit Test","0898765432","","","","1","LINE"
"2025-09-17T17:12:32.456Z","UC28B97DBE5B7B642B2CA85B876741E89","Rate Limit Test","0898765432","","","","1","LINE"
"2025-09-17T17:12:32.456Z","UC28B97DBE5B7B642B2CA85B876741E89","Rate Limit Test","0898765432","","","","1","LINE"
"2025-09-17T17:12:32.456Z","UC28B97DBE5B7B642B2CA85B876741E89","Rate Limit Test","0898765432","","","","1","LINE"
"2025-09-17T17:12:32.456Z","UC28B97DBE5B7B642B2CA85B876741E89","Rate Limit Test","0898765432","","","","1","LINE"
"2025-09-17T17:12:32.460Z","UEAD118F35E905EE4636ADABEFF6E3A96","Idempotency Test","0845678901","","","","1","LINE"
"2025-09-17T17:17:09.591Z","U9B911C5ADB5A91609E1A373019B47F1C","สมชาย ใจดี","0812345678","HN123456","โรงพยาบาลจุฬาลงกรณ์","","1","LINE"
"2025-09-17T17:17:09.605Z","U9EA3AD6088917B28E90A699D1221A181","นางสาวสุดใจ รักเรียน","0867890123","","","","1","LINE"
"2025-09-17T17:17:09.607Z","UE643542081D0F2F8EEA64EED84FE12E0","คุณยาย สุขใจ","0834567890","","","","1","LINE"
"2025-09-17T17:17:09.619Z","UC28B97DBE5B7B642B2CA85B876741E89","Rate Limit Test","0898765432","","","","1","LINE"
"2025-09-17T17:17:09.619Z","UC28B97DBE5B7B642B2CA85B876741E89","Rate Limit Test","0898765432","","","","1","LINE"
"2025-09-17T17:17:09.620Z","UC28B97DBE5B7B642B2CA85B876741E89","Rate Limit Test","0898765432","","","","1","LINE"
"2025-09-17T17:17:09.620Z","UC28B97DBE5B7B642B2CA85B876741E89","Rate Limit Test","0898765432","","","","1","LINE"
"2025-09-17T17:17:09.620Z","UC28B97DBE5B7B642B2CA85B876741E89","Rate Limit Test","0898765432","","","","1","LINE"
"2025-09-17T17:17:09.622Z","UEAD118F35E905EE4636ADABEFF6E3A96","Idempotency Test","0845678901","","","","1","LINE"
